Name,Email
Veronica Coleman,veronicacoleman@test.com
Lindsey Valentine,lindseyvalentine@test.com
Jonathan Holt,jonathanholt@test.com
Stephanie Duran,stephanieduran@test.com
Ryan Jones,ryanjones@test.com
Timothy Mason,timothymason@test.com
Brittney Levy,brittneylevy@test.com
Debra Klein MD,debrakleinmd@test.com
James Hernandez,jameshernandez@test.com
Kristin Thomas,kristinthomas@test.com
Susan Howell,susanhowell@test.com
Kaitlyn Sandoval,kaitlynsandoval@test.com
Kevin Ruiz,kevinruiz@test.com
Donna Garza,donnagarza@test.com
Matthew Newton,matthewnewton@test.com
Elizabeth Carter,elizabethcarter@test.com
Claudia Dunn,claudiadunn@test.com
Thomas Fisher,thomasfisher@test.com
Kimberly Dominguez,kimberlydominguez@test.com
William Hart,williamhart@test.com
Michele Juarez,michelejuarez@test.com
Ernest Nelson,ernestnelson@test.com
Karen Meyer,karenmeyer@test.com
Mr. James Miller Jr.,mr.jamesmillerjr.@test.com
Christy Gates,christygates@test.com
Mrs. Sherry Yang,mrs.sherryyang@test.com
Carl Holden,carlholden@test.com
Kimberly Reid,kimberlyreid@test.com
Pamela White,pamelawhite@test.com
Andrew Roberson,andrewroberson@test.com
Brian Daniel,briandaniel@test.com
Gabriela Adams,gabrielaadams@test.com
Troy Gordon,troygordon@test.com
Deborah Henderson,deborahhenderson@test.com
Charles Daniels,charlesdaniels@test.com
Carrie Brown,carriebrown@test.com
Michelle Cooper,michellecooper@test.com
Robert Martinez,robertmartinez@test.com
Sandra Sims,sandrasims@test.com
Jesus Brewer,jesusbrewer@test.com
Joanna Turner,joannaturner@test.com
Victoria Cortez,victoriacortez@test.com
Robert Anderson,robertanderson@test.com
Thomas Miller,thomasmiller@test.com
Christopher Reese,christopherreese@test.com
Shawn Johnson,shawnjohnson@test.com
John Garza,johngarza@test.com
Virginia Garcia,virginiagarcia@test.com
Joe Nichols,joenichols@test.com
Jason Case,jasoncase@test.com
Travis Williams,traviswilliams@test.com
Cheryl Brady,cherylbrady@test.com
Barbara Jones,barbarajones@test.com
Jeremy Robbins,jeremyrobbins@test.com
Jordan Lewis,jordanlewis@test.com
Jamie White,jamiewhite@test.com
Victoria Smith,victoriasmith@test.com
Alexandria Kelly,alexandriakelly@test.com
James Craig,jamescraig@test.com
Mark Combs,markcombs@test.com
Maria Hensley,mariahensley@test.com
Caitlin Miller,caitlinmiller@test.com
Sarah Stewart,sarahstewart@test.com
Jeremy Morton,jeremymorton@test.com
Jennifer Robles,jenniferrobles@test.com
Carla Parker,carlaparker@test.com
Stacy Chen,stacychen@test.com
Ms. Veronica Pace,ms.veronicapace@test.com
Chloe Garza,chloegarza@test.com
Carlos Shaffer,carlosshaffer@test.com
Robert White,robertwhite@test.com
Patricia Hendrix,patriciahendrix@test.com
Frank Mills,frankmills@test.com
Jared French,jaredfrench@test.com
Sherry Graham,sherrygraham@test.com
Joel Lee,joellee@test.com
Holly Miller,hollymiller@test.com
Angel Wood,angelwood@test.com
Claudia Hickman,claudiahickman@test.com
Krista Baker,kristabaker@test.com
Amber Miller,ambermiller@test.com
Evan Becker,evanbecker@test.com
Bruce Fleming,brucefleming@test.com
Melanie Thornton,melaniethornton@test.com
Cynthia Bray,cynthiabray@test.com
Paula Gonzalez,paulagonzalez@test.com
David Townsend,davidtownsend@test.com
Isabella Tapia,isabellatapia@test.com
Dr. Scott Campbell,dr.scottcampbell@test.com
Cory Thomas,corythomas@test.com
Kyle Dixon,kyledixon@test.com
Kristen Choi,kristenchoi@test.com
Jimmy Sexton,jimmysexton@test.com
Lucas Montgomery,lucasmontgomery@test.com
Charles Lee,charleslee@test.com
Jeffrey Wells,jeffreywells@test.com
Anthony Rich,anthonyrich@test.com
Karen Webster,karenwebster@test.com
David Jenkins,davidjenkins@test.com
Anita Porter,anitaporter@test.com
Alicia Strong,aliciastrong@test.com
Brian Mitchell,brianmitchell@test.com
Stephen Lawson,stephenlawson@test.com
Alexis Jimenez,alexisjimenez@test.com
Brian Lewis,brianlewis@test.com
Sierra Martin,sierramartin@test.com
Norman Davis,normandavis@test.com
Michael Phillips,michaelphillips@test.com
Patricia Ramirez,patriciaramirez@test.com
Craig Gomez,craiggomez@test.com
Erika Lambert,erikalambert@test.com
Kimberly Garcia,kimberlygarcia@test.com
Christopher Hudson,christopherhudson@test.com
Michael Patterson,michaelpatterson@test.com
Chelsea Jimenez DDS,chelseajimenezdds@test.com
James Andersen,jamesandersen@test.com
Steven Jordan,stevenjordan@test.com
Thomas Burns,thomasburns@test.com
Morgan Irwin,morganirwin@test.com
Edward Martinez,edwardmartinez@test.com
Jacob Williams,jacobwilliams@test.com
Craig Rivera,craigrivera@test.com
Tiffany Reed,tiffanyreed@test.com
Heather Johnson,heatherjohnson@test.com
Daniel Davis,danieldavis@test.com
Charles Medina,charlesmedina@test.com
Michelle Martinez,michellemartinez@test.com
Michelle Bradley,michellebradley@test.com
Christopher Skinner,christopherskinner@test.com
Patrick Blankenship,patrickblankenship@test.com
Laura Sanders,laurasanders@test.com
Kevin Thompson,kevinthompson@test.com
Gary Dudley,garydudley@test.com
Justin Ortiz,justinortiz@test.com
Amy Miller,amymiller@test.com
Jenna Walsh,jennawalsh@test.com
Thomas Patel,thomaspatel@test.com
Monica Khan,monicakhan@test.com
Nicole Rogers,nicolerogers@test.com
Kristy Nixon,kristynixon@test.com
Christian Carter,christiancarter@test.com
Lindsey Miller,lindseymiller@test.com
Andrea Brooks,andreabrooks@test.com
Thomas Smith,thomassmith@test.com
Daniel Morales,danielmorales@test.com
Jennifer Mccullough,jennifermccullough@test.com
Alexis Camacho,alexiscamacho@test.com
Jessica Shea,jessicashea@test.com
Timothy Rodriguez,timothyrodriguez@test.com
Christina Johnson DVM,christinajohnsondvm@test.com
Jeffery Yu,jefferyyu@test.com
Edward Larson,edwardlarson@test.com
Kenneth Hansen,kennethhansen@test.com
Samuel Wells,samuelwells@test.com
Lawrence Cooper,lawrencecooper@test.com
Whitney Olson,whitneyolson@test.com
Megan Myers,meganmyers@test.com
Nicole Gonzalez,nicolegonzalez@test.com
Sheri Clark,shericlark@test.com
Logan Kelley,logankelley@test.com
Lindsey Bradford,lindseybradford@test.com
Jessica Pierce,jessicapierce@test.com
Jacob Miller,jacobmiller@test.com
Ross Cole,rosscole@test.com
Meredith Rogers,meredithrogers@test.com
Tabitha West,tabithawest@test.com
Samuel Sanchez,samuelsanchez@test.com
Ellen Gallegos,ellengallegos@test.com
Holly Young,hollyyoung@test.com
Andrew Williams,andrewwilliams@test.com
David Roman,davidroman@test.com
Kevin Moore,kevinmoore@test.com
Kimberly Robbins,kimberlyrobbins@test.com
Erica Garcia,ericagarcia@test.com
Anna Davis,annadavis@test.com
Julie Bright,juliebright@test.com
Mr. Timothy Martinez,mr.timothymartinez@test.com
Jeremiah Burns,jeremiahburns@test.com
Devon Williams,devonwilliams@test.com
Jeffery Fuller,jefferyfuller@test.com
Regina Gutierrez,reginagutierrez@test.com
Phillip Baker,phillipbaker@test.com
Matthew Ibarra,matthewibarra@test.com
Debra Stewart,debrastewart@test.com
George Lloyd,georgelloyd@test.com
Susan Anderson,susananderson@test.com
Richard Diaz,richarddiaz@test.com
Donald Gordon,donaldgordon@test.com
Trevor Booker,trevorbooker@test.com
Katelyn Webb,katelynwebb@test.com
Patrick Ewing,patrickewing@test.com
Matthew Mitchell,matthewmitchell@test.com
Emily Huynh,emilyhuynh@test.com
Michael Fox,michaelfox@test.com
James Kane,jameskane@test.com
Joshua Brown,joshuabrown@test.com
Kimberly Ortiz,kimberlyortiz@test.com
Kristina Cooper,kristinacooper@test.com
Katrina Wise,katrinawise@test.com
Michelle King,michelleking@test.com
Stacy Bush,stacybush@test.com
Samuel Spencer,samuelspencer@test.com
Hector Patterson,hectorpatterson@test.com
Jennifer Oconnell,jenniferoconnell@test.com
Christopher Roberts,christopherroberts@test.com
Benjamin Rivera,benjaminrivera@test.com
Michelle Fields,michellefields@test.com
Tyler Johnson,tylerjohnson@test.com
Julie Rios,julierios@test.com
Christopher Harris,christopherharris@test.com
Steven Owens,stevenowens@test.com
Reginald Sweeney,reginaldsweeney@test.com
Patricia Holloway,patriciaholloway@test.com
Sara Wallace,sarawallace@test.com
Sara Robles MD,sararoblesmd@test.com
Lisa Perez,lisaperez@test.com
Caroline Young,carolineyoung@test.com
Diane Maxwell,dianemaxwell@test.com
Evelyn Barajas,evelynbarajas@test.com
Regina Todd,reginatodd@test.com
Kathryn Lawson,kathrynlawson@test.com
Heidi Smith,heidismith@test.com
Dustin Ochoa,dustinochoa@test.com
Kim Williamson,kimwilliamson@test.com
Matthew Park,matthewpark@test.com
James Hammond,jameshammond@test.com
Jason Kirby,jasonkirby@test.com
Kaitlyn Silva,kaitlynsilva@test.com
Mark Harper,markharper@test.com
Ana Johnson,anajohnson@test.com
James Crawford,jamescrawford@test.com
Hannah Trujillo,hannahtrujillo@test.com
Justin Hopkins,justinhopkins@test.com
Michael Kent,michaelkent@test.com
Christopher Bowen,christopherbowen@test.com
Julie Wise,juliewise@test.com
Carl Mccoy,carlmccoy@test.com
Amanda Calderon,amandacalderon@test.com
Carol Cantrell,carolcantrell@test.com
Wesley Rice,wesleyrice@test.com
Rose Burton,roseburton@test.com
Thomas Woodard,thomaswoodard@test.com
Jeremy Roberson,jeremyroberson@test.com
Susan Jackson,susanjackson@test.com
Peter Johnston,peterjohnston@test.com
Roberto Robinson,robertorobinson@test.com
Michael Gonzalez,michaelgonzalez@test.com
Paige Cortez,paigecortez@test.com
Rodney Owens,rodneyowens@test.com
Thomas Morse,thomasmorse@test.com
Amy Wright,amywright@test.com
Elizabeth Haley,elizabethhaley@test.com
John Roberts,johnroberts@test.com
Brandy Schultz,brandyschultz@test.com
Joshua Hardy,joshuahardy@test.com
Christian Wilson,christianwilson@test.com
James Garcia,jamesgarcia@test.com
Richard Lozano,richardlozano@test.com
Madison Meadows,madisonmeadows@test.com
Michael Barry,michaelbarry@test.com
Connie Clark,connieclark@test.com
Ryan Steele,ryansteele@test.com
Andrew Chen,andrewchen@test.com
Cassidy Barton DDS,cassidybartondds@test.com
Stuart Ayala,stuartayala@test.com
Amanda Gutierrez,amandagutierrez@test.com
Mrs. Desiree Grant,mrs.desireegrant@test.com
Mike Carey,mikecarey@test.com
Timothy Peters,timothypeters@test.com
Kayla Sanders,kaylasanders@test.com
Gregory Osborne,gregoryosborne@test.com
Adriana Powell,adrianapowell@test.com
Erin Jennings MD,erinjenningsmd@test.com
Alexander Browning,alexanderbrowning@test.com
Monique Carpenter,moniquecarpenter@test.com
William Blair,williamblair@test.com
Johnathan Mann,johnathanmann@test.com
Alexis Hayes,alexishayes@test.com
Daniel Fischer,danielfischer@test.com
Andrew Sharp,andrewsharp@test.com
Shelby Ross,shelbyross@test.com
Daniel Benson,danielbenson@test.com
Brent Daniel,brentdaniel@test.com
Danielle Carroll,daniellecarroll@test.com
Zachary Deleon,zacharydeleon@test.com
Mary Payne,marypayne@test.com
Robert Norman,robertnorman@test.com
Joseph Hughes,josephhughes@test.com
Andrew Curtis,andrewcurtis@test.com
Stephanie Anderson,stephanieanderson@test.com
Christine Sanders,christinesanders@test.com
Andrew Juarez,andrewjuarez@test.com
Carla Davis,carladavis@test.com
Cory Ortiz,coryortiz@test.com
Zachary Hart,zacharyhart@test.com
Melissa Garcia,melissagarcia@test.com
Daniel Smith,danielsmith@test.com
Michael Green,michaelgreen@test.com
Ashley Ward,ashleyward@test.com
Mario Tucker,mariotucker@test.com
Marissa Bush,marissabush@test.com
Brandon Kaiser,brandonkaiser@test.com
Eric Stewart,ericstewart@test.com
Mrs. Jill Dunn,mrs.jilldunn@test.com
Brian Robinson,brianrobinson@test.com
Brian Turner,brianturner@test.com
Dan Green,dangreen@test.com
Derek Sexton,dereksexton@test.com
Bonnie Bryan,bonniebryan@test.com
Lauren Newton,laurennewton@test.com
Philip Barnes,philipbarnes@test.com
Autumn Williams,autumnwilliams@test.com
Willie Miller,williemiller@test.com
Robert Robertson MD,robertrobertsonmd@test.com
Crystal Martin,crystalmartin@test.com
Brenda Cross,brendacross@test.com
Courtney Butler,courtneybutler@test.com
Ashley Moore,ashleymoore@test.com
Sandra Hopkins,sandrahopkins@test.com
Edward Fernandez,edwardfernandez@test.com
Christine Cruz,christinecruz@test.com
Joshua Miller,joshuamiller@test.com
Timothy Adams,timothyadams@test.com
Mr. Rick Simon,mr.ricksimon@test.com
Andrea Richardson,andrearichardson@test.com
Jose Wright,josewright@test.com
Scott Simpson IV,scottsimpsoniv@test.com
Crystal Taylor,crystaltaylor@test.com
Steven Castaneda,stevencastaneda@test.com
Kelly Martin,kellymartin@test.com
Jessica Torres,jessicatorres@test.com
Christopher Martin,christophermartin@test.com
Brianna Cole,briannacole@test.com
Crystal Gonzalez,crystalgonzalez@test.com
David Sparks,davidsparks@test.com
Mr. James Gonzales,mr.jamesgonzales@test.com
Robert Diaz,robertdiaz@test.com
Valerie Taylor,valerietaylor@test.com
Janice Chandler,janicechandler@test.com
Justin French,justinfrench@test.com
Veronica Fitzgerald,veronicafitzgerald@test.com
Rebecca Hardin,rebeccahardin@test.com
Paul Bond,paulbond@test.com
Teresa Francis,teresafrancis@test.com
Maria Garcia,mariagarcia@test.com
Marissa Ramsey,marissaramsey@test.com
Shawna Davis,shawnadavis@test.com
Stacey Sosa,staceysosa@test.com
Rachel Bernard,rachelbernard@test.com
Stephanie Bradley,stephaniebradley@test.com
Kelly Hardy,kellyhardy@test.com
Philip Johnson,philipjohnson@test.com
Sara Day,saraday@test.com
Robert Powers,robertpowers@test.com
Melinda Bullock,melindabullock@test.com
Alyssa Boyd,alyssaboyd@test.com
Joe Martin,joemartin@test.com
Thomas Harvey,thomasharvey@test.com
Susan Wilson,susanwilson@test.com
Brian Juarez,brianjuarez@test.com
Elizabeth Parker,elizabethparker@test.com
Matthew Owens,matthewowens@test.com
Calvin Ortiz,calvinortiz@test.com
Dr. Sandra Wong,dr.sandrawong@test.com
Nicole Cooper,nicolecooper@test.com
Ryan Williams,ryanwilliams@test.com
Dana Fisher,danafisher@test.com
Richard Simpson,richardsimpson@test.com
Felicia Shelton,feliciashelton@test.com
Peter Wilson,peterwilson@test.com
Gavin Greer,gavingreer@test.com
Vanessa Flores,vanessaflores@test.com
Kayla Atkins,kaylaatkins@test.com
Amber Hobbs,amberhobbs@test.com
Alec Sharp,alecsharp@test.com
Alan Whitney,alanwhitney@test.com
Matthew Madden,matthewmadden@test.com
Douglas Martinez,douglasmartinez@test.com
Taylor Taylor,taylortaylor@test.com
William Davis,williamdavis@test.com
Brittney Russell MD,brittneyrussellmd@test.com
Marissa Smith,marissasmith@test.com
Jessica Williams,jessicawilliams@test.com
Austin Mccann,austinmccann@test.com
Shelley Foster,shelleyfoster@test.com
Rebecca Peck,rebeccapeck@test.com
Nichole Hall,nicholehall@test.com
Jennifer Smith,jennifersmith@test.com
Janice Dixon,janicedixon@test.com
Amanda Hughes,amandahughes@test.com
Ashley Graves,ashleygraves@test.com
Maria Miller,mariamiller@test.com
Thomas Bowen,thomasbowen@test.com
Nicole Sawyer,nicolesawyer@test.com
Brian Sampson,briansampson@test.com
Craig Cortez,craigcortez@test.com
Corey Jacobson,coreyjacobson@test.com
Sandra Kirby,sandrakirby@test.com
Deanna Martin,deannamartin@test.com
Daniel Klein,danielklein@test.com
Victoria Vazquez,victoriavazquez@test.com
Margaret Richardson,margaretrichardson@test.com
Matthew Cole,matthewcole@test.com
Marc Patel,marcpatel@test.com
Julia Miller,juliamiller@test.com
Kyle Giles,kylegiles@test.com
Carolyn Lewis,carolynlewis@test.com
Brittany Jenkins,brittanyjenkins@test.com
Angela Pena,angelapena@test.com
Edward Miles,edwardmiles@test.com
Jordan Hernandez,jordanhernandez@test.com
Jesse Flores,jesseflores@test.com
Krista Sheppard,kristasheppard@test.com
Christopher Schultz,christopherschultz@test.com
Madeline Farmer,madelinefarmer@test.com
Tyler Dickson,tylerdickson@test.com
Tiffany Erickson,tiffanyerickson@test.com
Maria Bailey,mariabailey@test.com
Meredith Kramer,meredithkramer@test.com
Christopher Taylor,christophertaylor@test.com
Crystal Downs,crystaldowns@test.com
Brett Jensen,brettjensen@test.com
Richard Thomas,richardthomas@test.com
Kristina Collier DDS,kristinacollierdds@test.com
Michael Patterson,michaelpatterson@test.com
Christopher Allen,christopherallen@test.com
Matthew Wallace,matthewwallace@test.com
Mr. Arthur Cruz,mr.arthurcruz@test.com
Brian Roberts,brianroberts@test.com
Rachael Clements,rachaelclements@test.com
Anthony Wright,anthonywright@test.com
Stephanie Lewis,stephanielewis@test.com
Robert Donovan,robertdonovan@test.com
Gary Johnson,garyjohnson@test.com
Sandra Herrera,sandraherrera@test.com
Nicholas Franco,nicholasfranco@test.com
Julie Wall,juliewall@test.com
Linda Garcia,lindagarcia@test.com
Barbara Rodriguez,barbararodriguez@test.com
Patricia Castillo,patriciacastillo@test.com
Crystal Beck,crystalbeck@test.com
Karen Warner,karenwarner@test.com
Laura Andrade MD,lauraandrademd@test.com
Jillian Daniels,jilliandaniels@test.com
Sherri Wells,sherriwells@test.com
Kathleen Hahn,kathleenhahn@test.com
Brittany Johnson,brittanyjohnson@test.com
Debra Young,debrayoung@test.com
Sarah Martin,sarahmartin@test.com
Patrick Green,patrickgreen@test.com
Andrea Perez,andreaperez@test.com
Nicholas Munoz,nicholasmunoz@test.com
Chad Newman,chadnewman@test.com
Wayne Ross,wayneross@test.com
David Hughes,davidhughes@test.com
Elizabeth Nelson PhD,elizabethnelsonphd@test.com
Ryan Rodriguez,ryanrodriguez@test.com
Heather Moore,heathermoore@test.com
Lisa Christensen,lisachristensen@test.com
Matthew Anderson,matthewanderson@test.com
Jane Cook,janecook@test.com
Darlene Macias,darlenemacias@test.com
Nicole Jones,nicolejones@test.com
Miranda Smith,mirandasmith@test.com
Mason Gaines,masongaines@test.com
Kimberly Smith,kimberlysmith@test.com
Tina Watkins,tinawatkins@test.com
Eric Clark,ericclark@test.com
Ashley Collier,ashleycollier@test.com
Brittney Lin,brittneylin@test.com
Taylor Clark,taylorclark@test.com
Dawn Foster,dawnfoster@test.com
Heather Chung,heatherchung@test.com
Corey Kelley,coreykelley@test.com
Christopher Sutton,christophersutton@test.com
Danielle Lewis,daniellelewis@test.com
Christopher King MD,christopherkingmd@test.com
Joshua Prince,joshuaprince@test.com
Monica Meyers,monicameyers@test.com
Jessica Glenn,jessicaglenn@test.com
Angela Hubbard,angelahubbard@test.com
Stephanie Adams,stephanieadams@test.com
Linda West,lindawest@test.com
Michelle Pierce,michellepierce@test.com
Sierra Robles,sierrarobles@test.com
Wendy Martinez,wendymartinez@test.com
Maria Hernandez,mariahernandez@test.com
Kelly Mann,kellymann@test.com
April Diaz,aprildiaz@test.com
Brittney Bennett,brittneybennett@test.com
Robert Moon,robertmoon@test.com
Dawn Taylor,dawntaylor@test.com
Joseph White,josephwhite@test.com
Danny Henry,dannyhenry@test.com
Ariel Lewis,ariellewis@test.com
Courtney Gutierrez,courtneygutierrez@test.com
Joshua Barr,joshuabarr@test.com
Kevin Benton,kevinbenton@test.com
Kaitlyn Watts,kaitlynwatts@test.com
Thomas Buck,thomasbuck@test.com
Kathleen Gonzalez,kathleengonzalez@test.com
Michael Black,michaelblack@test.com
Mark Bentley,markbentley@test.com
Johnny Hines,johnnyhines@test.com
Brandi Manning,brandimanning@test.com
Leah Horn,leahhorn@test.com
Anthony Molina,anthonymolina@test.com
Rachel Jones,racheljones@test.com
Kristin Mays DDS,kristinmaysdds@test.com
Paul Shields,paulshields@test.com
Andrew Horne,andrewhorne@test.com
Christopher Perkins,christopherperkins@test.com
Kayla Holland,kaylaholland@test.com
Wesley Brooks,wesleybrooks@test.com
Tonya Mason,tonyamason@test.com
Brenda Collins,brendacollins@test.com
Karen Sanchez,karensanchez@test.com
Dr. Zachary Rodriguez,dr.zacharyrodriguez@test.com
Jonathan Oneill,jonathanoneill@test.com
Ryan Rivera,ryanrivera@test.com
Sarah Clements,sarahclements@test.com
Latoya Hale,latoyahale@test.com
James Moreno,jamesmoreno@test.com
Dr. Kelly Johnson,dr.kellyjohnson@test.com
Sean Rodriguez,seanrodriguez@test.com
Ryan Olson,ryanolson@test.com
James Gill,jamesgill@test.com
Taylor Lloyd,taylorlloyd@test.com
Latasha Meadows,latashameadows@test.com
Johnny Stokes,johnnystokes@test.com
Joshua Pace,joshuapace@test.com
Walter Hart,walterhart@test.com
Andrew Hansen,andrewhansen@test.com
Ruth Chapman,ruthchapman@test.com
James Harvey,jamesharvey@test.com
Anthony Hughes,anthonyhughes@test.com
John Zhang,johnzhang@test.com
Amanda Johnson,amandajohnson@test.com
Thomas Jones,thomasjones@test.com
Trevor White,trevorwhite@test.com
Claudia Byrd,claudiabyrd@test.com
Amy Harrison,amyharrison@test.com
Abigail Smith,abigailsmith@test.com
Jeffrey Long,jeffreylong@test.com
Anthony Flores,anthonyflores@test.com
Amanda Vargas,amandavargas@test.com
James Ayala,jamesayala@test.com
Dana Thomas,danathomas@test.com
David Willis,davidwillis@test.com
Michael Miller,michaelmiller@test.com
Karla Lewis,karlalewis@test.com
Karen Foster,karenfoster@test.com
Shelby Tate,shelbytate@test.com
Kimberly Lewis,kimberlylewis@test.com
Robert Sanchez,robertsanchez@test.com
Ricky Cooper,rickycooper@test.com
Jeffrey Davis,jeffreydavis@test.com
Erin Ortiz,erinortiz@test.com
Kathy Ross,kathyross@test.com
Erika Donaldson,erikadonaldson@test.com
Brittany Griffin,brittanygriffin@test.com
Allison Carrillo MD,allisoncarrillomd@test.com
Mr. Darrell Clark MD,mr.darrellclarkmd@test.com
Timothy Mckenzie,timothymckenzie@test.com
Ryan French,ryanfrench@test.com
Stacey Friedman DDS,staceyfriedmandds@test.com
Diane Little,dianelittle@test.com
Amy Rose,amyrose@test.com
Susan Evans,susanevans@test.com
Matthew Soto DDS,matthewsotodds@test.com
Jonathan Bonilla,jonathanbonilla@test.com
Thomas Schneider,thomasschneider@test.com
Clinton Guzman,clintonguzman@test.com
Christopher Robinson,christopherrobinson@test.com
Theresa Graham,theresagraham@test.com
Joanne Hill,joannehill@test.com
Natalie Conway,natalieconway@test.com
Christopher Ellis,christopherellis@test.com
Mr. Nicholas Morrison,mr.nicholasmorrison@test.com
Mr. William Mendez,mr.williammendez@test.com
Kenneth Melendez,kennethmelendez@test.com
Lisa Cherry,lisacherry@test.com
Ronald Fisher,ronaldfisher@test.com
Jessica Mills,jessicamills@test.com
William Wilson,williamwilson@test.com
Tim Watson,timwatson@test.com
Stephanie Luna DDS,stephanielunadds@test.com
Tina Mcmahon,tinamcmahon@test.com
Melinda Ford,melindaford@test.com
Anna Garcia,annagarcia@test.com
Michael Mcknight,michaelmcknight@test.com
Bryan Wood,bryanwood@test.com
Taylor Gomez,taylorgomez@test.com
Todd Baldwin,toddbaldwin@test.com
Justin Wilson,justinwilson@test.com
Lisa Brown,lisabrown@test.com
Charles Schroeder,charlesschroeder@test.com
Jeremy Vasquez,jeremyvasquez@test.com
Daniel Baker,danielbaker@test.com
Jacob Shaw MD,jacobshawmd@test.com
Gina Greene,ginagreene@test.com
Linda Henry,lindahenry@test.com
Michael Wiley,michaelwiley@test.com
Rebecca Morales,rebeccamorales@test.com
Kaylee Wilson,kayleewilson@test.com
Beth Bennett,bethbennett@test.com
Michael Williams,michaelwilliams@test.com
Amanda Johnson,amandajohnson@test.com
James Stephenson,jamesstephenson@test.com
Sandra Martinez,sandramartinez@test.com
David Wilson,davidwilson@test.com
Timothy Flores,timothyflores@test.com
David Martinez,davidmartinez@test.com
Jeffrey Kirby,jeffreykirby@test.com
Christina Morgan,christinamorgan@test.com
Robert Gregory,robertgregory@test.com
Lisa Simpson,lisasimpson@test.com
Amber Marsh,ambermarsh@test.com
Lydia Meyer,lydiameyer@test.com
Patrick Bell,patrickbell@test.com
Jacob Hawkins,jacobhawkins@test.com
Michael Anderson,michaelanderson@test.com
Sandra Marquez,sandramarquez@test.com
Jason Mcbride,jasonmcbride@test.com
Audrey Hoffman,audreyhoffman@test.com
Kenneth Torres,kennethtorres@test.com
Erin Garcia,eringarcia@test.com
Veronica Odom,veronicaodom@test.com
Jason Jordan,jasonjordan@test.com
Christopher Cohen,christophercohen@test.com
Taylor Parker,taylorparker@test.com
Andrea Carpenter,andreacarpenter@test.com
Richard Evans,richardevans@test.com
Susan Ortega,susanortega@test.com
Stephanie Carroll,stephaniecarroll@test.com
Lauren Buchanan,laurenbuchanan@test.com
Aaron Mills,aaronmills@test.com
Hannah Taylor,hannahtaylor@test.com
Jeffery Gentry,jefferygentry@test.com
Dr. Amanda Williams,dr.amandawilliams@test.com
Caleb Berry,calebberry@test.com
Jessica Hurst,jessicahurst@test.com
Kathryn Reyes,kathrynreyes@test.com
Nicholas Quinn,nicholasquinn@test.com
William Cline,williamcline@test.com
Wendy Ramirez,wendyramirez@test.com
Lucas Wells,lucaswells@test.com
Scott Green,scottgreen@test.com
John Crawford,johncrawford@test.com
William Reyes,williamreyes@test.com
Joseph Norris,josephnorris@test.com
Donald Alvarez,donaldalvarez@test.com
Tina Kennedy,tinakennedy@test.com
Jenny Dominguez,jennydominguez@test.com
Andrew Hancock,andrewhancock@test.com
Jose Rowe,joserowe@test.com
Marissa Conrad,marissaconrad@test.com
Kyle Young,kyleyoung@test.com
Katrina Keller,katrinakeller@test.com
Jonathon Palmer,jonathonpalmer@test.com
Allison Lawrence,allisonlawrence@test.com
Christopher Newman,christophernewman@test.com
Robert Castro,robertcastro@test.com
Ian Williams,ianwilliams@test.com
Pamela Dyer,pameladyer@test.com
Traci Taylor DDS,tracitaylordds@test.com
Carlos Robinson,carlosrobinson@test.com
Robert Barrett,robertbarrett@test.com
Matthew Payne,matthewpayne@test.com
Richard Castillo,richardcastillo@test.com
Holly Newman,hollynewman@test.com
Amanda Tran,amandatran@test.com
Terry Cole,terrycole@test.com
Terry Browning Jr.,terrybrowningjr.@test.com
Vanessa Martinez,vanessamartinez@test.com
Jason Flores,jasonflores@test.com
Margaret Evans,margaretevans@test.com
Shelly Wright,shellywright@test.com
Loretta Taylor,lorettataylor@test.com
Angela Bell,angelabell@test.com
Eric Weber,ericweber@test.com
Kevin Scott,kevinscott@test.com
Courtney West,courtneywest@test.com
Martin Gutierrez,martingutierrez@test.com
Jasmin Calderon,jasmincalderon@test.com
Jill Gomez,jillgomez@test.com
Annette Orozco,annetteorozco@test.com
Diamond King,diamondking@test.com
Ryan Petersen,ryanpetersen@test.com
Michelle Cox,michellecox@test.com
William Willis,williamwillis@test.com
Karen Wood,karenwood@test.com
Janet Smith,janetsmith@test.com
Samantha Thompson,samanthathompson@test.com
Aaron Shaw,aaronshaw@test.com
Brian Snyder,briansnyder@test.com
Candace Brown,candacebrown@test.com
Brandi Becker,brandibecker@test.com
Lori Johnson,lorijohnson@test.com
Brenda Hunter,brendahunter@test.com
Alvin Mason,alvinmason@test.com
Mrs. Christine Hall,mrs.christinehall@test.com
Ms. Ellen Clay,ms.ellenclay@test.com
Debbie Shields,debbieshields@test.com
Angel Lowe PhD,angellowephd@test.com
John Webb,johnwebb@test.com
Kevin Young,kevinyoung@test.com
Haley Carrillo,haleycarrillo@test.com
Christopher Mccoy,christophermccoy@test.com
David Koch,davidkoch@test.com
Diana Stevens,dianastevens@test.com
Sandra Jackson,sandrajackson@test.com
Alexander Reid,alexanderreid@test.com
Kenneth Hogan,kennethhogan@test.com
Corey Hayden,coreyhayden@test.com
Tanner David,tannerdavid@test.com
Jacob Bradshaw,jacobbradshaw@test.com
Anthony Larson,anthonylarson@test.com
Kathryn Perez,kathrynperez@test.com
Michael Wiggins,michaelwiggins@test.com
Christopher Smith,christophersmith@test.com
David King,davidking@test.com
Kelly Kelly,kellykelly@test.com
Jennifer Smith,jennifersmith@test.com
Vincent Mccann,vincentmccann@test.com
Anthony Smith,anthonysmith@test.com
Michael Carrillo,michaelcarrillo@test.com
Bryan Foster,bryanfoster@test.com
Lauren Rogers,laurenrogers@test.com
Tammy Anderson,tammyanderson@test.com
Shawn Martin MD,shawnmartinmd@test.com
Sara Guzman,saraguzman@test.com
Evan Gomez,evangomez@test.com
Andrea Glass,andreaglass@test.com
Emily Kelly,emilykelly@test.com
Ronald Huff,ronaldhuff@test.com
Austin Burnett,austinburnett@test.com
Angela Sanford,angelasanford@test.com
Jaime Madden,jaimemadden@test.com
Bryan Hansen,bryanhansen@test.com
Victoria Maldonado,victoriamaldonado@test.com
Stacie Gonzalez,staciegonzalez@test.com
Erika Rodriguez,erikarodriguez@test.com
Michael Duncan,michaelduncan@test.com
Taylor Jenkins,taylorjenkins@test.com
Priscilla Fox,priscillafox@test.com
Jeremy Smith,jeremysmith@test.com
Greg Wood,gregwood@test.com
Melissa Wolf,melissawolf@test.com
Bianca White,biancawhite@test.com
Thomas Morris,thomasmorris@test.com
Brenda Holland,brendaholland@test.com
Jennifer Parrish,jenniferparrish@test.com
Casey Wilson,caseywilson@test.com
Steven Simmons,stevensimmons@test.com
Mr. Richard Hernandez,mr.richardhernandez@test.com
Cheryl Walters,cherylwalters@test.com
Jennifer Martinez,jennifermartinez@test.com
Jennifer Warren,jenniferwarren@test.com
Robin Parks,robinparks@test.com
Laura Carter,lauracarter@test.com
Eric Jones,ericjones@test.com
Elizabeth Andrews,elizabethandrews@test.com
Donna Morris,donnamorris@test.com
Jennifer Garner,jennifergarner@test.com
Erin Oliver,erinoliver@test.com
Sandra Black,sandrablack@test.com
Alexis Collins,alexiscollins@test.com
Michael Evans,michaelevans@test.com
Brittany Smith,brittanysmith@test.com
Olivia Flores,oliviaflores@test.com
Samantha Garcia,samanthagarcia@test.com
Janet Moreno,janetmoreno@test.com
Teresa Erickson,teresaerickson@test.com
Angel Lara,angellara@test.com
Katie Burns,katieburns@test.com
Darrell Griffin,darrellgriffin@test.com
Janet Combs,janetcombs@test.com
Rebecca Scott,rebeccascott@test.com
Teresa Perry,teresaperry@test.com
Phillip Summers,phillipsummers@test.com
Richard Turner,richardturner@test.com
Eric Glover,ericglover@test.com
Jane Whitaker,janewhitaker@test.com
Jeffery Carrillo,jefferycarrillo@test.com
Lori Baker,loribaker@test.com
Travis Merritt,travismerritt@test.com
Brian Graham,briangraham@test.com
Sean Jackson,seanjackson@test.com
Joan Jones,joanjones@test.com
George Barr,georgebarr@test.com
Heather Dickson,heatherdickson@test.com
Brittany Porter,brittanyporter@test.com
Joy Mccarty,joymccarty@test.com
Cindy Bishop,cindybishop@test.com
Samantha Tucker,samanthatucker@test.com
Brian Barber,brianbarber@test.com
Rose Byrd,rosebyrd@test.com
Paul Yoder,paulyoder@test.com
Eileen Ramirez,eileenramirez@test.com
Christina Poole,christinapoole@test.com
Robert Little,robertlittle@test.com
Rebecca Neal,rebeccaneal@test.com
Kerri Luna,kerriluna@test.com
George Davis,georgedavis@test.com
Dominic Stout,dominicstout@test.com
Faith Elliott,faithelliott@test.com
Samantha Flores,samanthaflores@test.com
Alejandra Haley,alejandrahaley@test.com
Charlene Baldwin,charlenebaldwin@test.com
William Roberts,williamroberts@test.com
Pamela Wallace,pamelawallace@test.com
Dale Cruz,dalecruz@test.com
David Tran,davidtran@test.com
Bryan Hanna,bryanhanna@test.com
Derek Williams,derekwilliams@test.com
Mrs. Cheyenne Miller,mrs.cheyennemiller@test.com
Jessica Patterson,jessicapatterson@test.com
Robert Cunningham,robertcunningham@test.com
Kevin Walls,kevinwalls@test.com
Jessica Flores,jessicaflores@test.com
Dr. Valerie Levine,dr.valerielevine@test.com
Benjamin Schwartz DVM,benjaminschwartzdvm@test.com
Bethany Rodriguez,bethanyrodriguez@test.com
Connor Norris,connornorris@test.com
Morgan Anderson,morgananderson@test.com
Patrick Pace IV,patrickpaceiv@test.com
Nicole Wall,nicolewall@test.com
Linda Johns,lindajohns@test.com
Casey Smith,caseysmith@test.com
Patrick Smith,patricksmith@test.com
Pamela Wyatt,pamelawyatt@test.com
Debra Wilson,debrawilson@test.com
Bruce Jenkins,brucejenkins@test.com
Emily Allen,emilyallen@test.com
Jamie Shepherd,jamieshepherd@test.com
Ashley Parker,ashleyparker@test.com
Mark Powell,markpowell@test.com
Nicole Bennett,nicolebennett@test.com
Ronald Herrera,ronaldherrera@test.com
Olivia Reynolds DDS,oliviareynoldsdds@test.com
David Kennedy,davidkennedy@test.com
Sarah Odom,sarahodom@test.com
Robert Gonzalez,robertgonzalez@test.com
Ricky Chase,rickychase@test.com
Lauren Lewis,laurenlewis@test.com
Robert Watts,robertwatts@test.com
Lauren Boyer,laurenboyer@test.com
Kendra Santos,kendrasantos@test.com
Nathan Andrews,nathanandrews@test.com
Elizabeth Morrison,elizabethmorrison@test.com
David Marks,davidmarks@test.com
Amy Brown,amybrown@test.com
Jacob Foster,jacobfoster@test.com
Steven Sanford,stevensanford@test.com
Michael Ward MD,michaelwardmd@test.com
Christopher Anderson MD,christopherandersonmd@test.com
Amber Hill,amberhill@test.com
Haley Lozano,haleylozano@test.com
Sarah Klein,sarahklein@test.com
Misty Valdez,mistyvaldez@test.com
Bruce Wright,brucewright@test.com
Lori Harris,loriharris@test.com
Susan Barnett,susanbarnett@test.com
Gabriela Howell,gabrielahowell@test.com
Mary Brown,marybrown@test.com
Mark Diaz,markdiaz@test.com
Stephanie Morris,stephaniemorris@test.com
Brandon Brown,brandonbrown@test.com
Tonya Allen,tonyaallen@test.com
Cynthia Sherman,cynthiasherman@test.com
Henry Morales,henrymorales@test.com
Mackenzie Forbes,mackenzieforbes@test.com
Kaylee Barrett,kayleebarrett@test.com
Brian Miller,brianmiller@test.com
William Cox,williamcox@test.com
Mark Gonzales,markgonzales@test.com
Jesse Adams,jesseadams@test.com
Lisa Hernandez,lisahernandez@test.com
Kevin Mckinney,kevinmckinney@test.com
Abigail White,abigailwhite@test.com
Cameron Anderson,cameronanderson@test.com
James Morrow,jamesmorrow@test.com
Mrs. Stephanie Jones,mrs.stephaniejones@test.com
Tony Hebert,tonyhebert@test.com
Heidi Fernandez,heidifernandez@test.com
Jessica Lopez,jessicalopez@test.com
Sonya Rogers,sonyarogers@test.com
Samuel Villarreal,samuelvillarreal@test.com
Jennifer Stewart,jenniferstewart@test.com
Jamie Morgan,jamiemorgan@test.com
Brittany West,brittanywest@test.com
Joel Williams,joelwilliams@test.com
Courtney Fritz,courtneyfritz@test.com
Christopher Davis,christopherdavis@test.com
Morgan Bennett,morganbennett@test.com
Shannon Mora,shannonmora@test.com
Anthony Morgan,anthonymorgan@test.com
Michael Yang,michaelyang@test.com
Brian Mitchell,brianmitchell@test.com
Crystal Lee,crystallee@test.com
Johnny Patrick,johnnypatrick@test.com
Linda Hanson,lindahanson@test.com
Kelly Parrish,kellyparrish@test.com
Andrew Francis,andrewfrancis@test.com
Brandon Hughes,brandonhughes@test.com
Jennifer Olson,jenniferolson@test.com
Julia Hendrix,juliahendrix@test.com
Kenneth Higgins,kennethhiggins@test.com
Matthew Rivera,matthewrivera@test.com
Michael Johnson,michaeljohnson@test.com
Mackenzie Kim,mackenziekim@test.com
Robert Robertson,robertrobertson@test.com
Bryan Lucas,bryanlucas@test.com
Laura Miller,lauramiller@test.com
Kelly Coleman,kellycoleman@test.com
Kevin Giles,kevingiles@test.com
Jennifer Webster,jenniferwebster@test.com
Jenna Santana,jennasantana@test.com
Kari Powers,karipowers@test.com
Andrew Haas,andrewhaas@test.com
Susan Gibbs,susangibbs@test.com
Brittany Chavez,brittanychavez@test.com
Nathan Andrade,nathanandrade@test.com
Joyce Jones,joycejones@test.com
Jodi Wolf,jodiwolf@test.com
Dr. Zachary Hayes,dr.zacharyhayes@test.com
Garrett Leach,garrettleach@test.com
Mark Gibson,markgibson@test.com
Justin Mcknight,justinmcknight@test.com
Christopher Perkins,christopherperkins@test.com
Tracy Hamilton,tracyhamilton@test.com
Elizabeth Franklin,elizabethfranklin@test.com
Brandon Carr,brandoncarr@test.com
Jennifer Norton,jennifernorton@test.com
Julie Soto,juliesoto@test.com
Andrea Mathews,andreamathews@test.com
Mr. Michael Meyer,mr.michaelmeyer@test.com
Scott Moody,scottmoody@test.com
Sean Franco,seanfranco@test.com
Amy Moore,amymoore@test.com
Lisa Patterson,lisapatterson@test.com
Lisa Thompson,lisathompson@test.com
Nicholas Snow,nicholassnow@test.com
Sharon Kennedy,sharonkennedy@test.com
Sarah Ho,sarahho@test.com
Jessica Massey,jessicamassey@test.com
Cesar Rodriguez MD,cesarrodriguezmd@test.com
Alison Lee,alisonlee@test.com
Richard Stevens,richardstevens@test.com
Natasha Elliott,natashaelliott@test.com
Stephen Montgomery,stephenmontgomery@test.com
Jessica Scott,jessicascott@test.com
Shelby Evans,shelbyevans@test.com
Alexis Butler,alexisbutler@test.com
Jared Rivera DVM,jaredriveradvm@test.com
Briana Williamson DVM,brianawilliamsondvm@test.com
Angela Bennett,angelabennett@test.com
Rebecca Hodges,rebeccahodges@test.com
Devin Young DDS,devinyoungdds@test.com
Daniel Turner,danielturner@test.com
Amanda Flynn,amandaflynn@test.com
William Robinson,williamrobinson@test.com
Mrs. Victoria Flores,mrs.victoriaflores@test.com
Justin Rosario,justinrosario@test.com
Michael Clark,michaelclark@test.com
Angela Hayden,angelahayden@test.com
Robert Santana,robertsantana@test.com
Brenda Butler DVM,brendabutlerdvm@test.com
John Holt,johnholt@test.com
Steven Rodriguez,stevenrodriguez@test.com
Kim Perry,kimperry@test.com
Derrick Smith,derricksmith@test.com
Justin Robertson,justinrobertson@test.com
Kimberly Walters,kimberlywalters@test.com
Emily Davis,emilydavis@test.com
Kaylee Walker,kayleewalker@test.com
Laura Davis,lauradavis@test.com
Michael Newman,michaelnewman@test.com
Anthony Chung,anthonychung@test.com
Allen Prince,allenprince@test.com
Connor Torres Jr.,connortorresjr.@test.com
Natalie Jennings,nataliejennings@test.com
Steven Terry,steventerry@test.com
Olivia Brooks,oliviabrooks@test.com
Robert Blake,robertblake@test.com
Andrew Liu,andrewliu@test.com
Sherry Moon,sherrymoon@test.com
Brittany Robinson,brittanyrobinson@test.com
Crystal Silva,crystalsilva@test.com
Robert Cooper,robertcooper@test.com
Trevor Schwartz,trevorschwartz@test.com
Teresa Blankenship,teresablankenship@test.com
Brian Thornton,brianthornton@test.com
Ashley Todd,ashleytodd@test.com
Jared Mccormick,jaredmccormick@test.com
Shannon Gray,shannongray@test.com
Tiffany Davis,tiffanydavis@test.com
Elizabeth Castillo,elizabethcastillo@test.com
Brianna Nichols,briannanichols@test.com
Jessica Gonzalez,jessicagonzalez@test.com
Melody Shepard,melodyshepard@test.com
Timothy Turner,timothyturner@test.com
Kevin Howard,kevinhoward@test.com
Sean Ball,seanball@test.com
Melissa Oneal,melissaoneal@test.com
Cynthia Harris,cynthiaharris@test.com
Willie Moore,williemoore@test.com
Rose Frederick,rosefrederick@test.com
Joe Lee,joelee@test.com
Amy Taylor,amytaylor@test.com
Chad Simmons,chadsimmons@test.com
Gregory Alvarez,gregoryalvarez@test.com
Joseph Cunningham,josephcunningham@test.com
Donna Wallace,donnawallace@test.com
Earl Russo,earlrusso@test.com
Christine Jones,christinejones@test.com
Christopher Jensen,christopherjensen@test.com
Donald Olson,donaldolson@test.com
Michael Frederick,michaelfrederick@test.com
Kenneth Hodges,kennethhodges@test.com
Joshua Sharp,joshuasharp@test.com
Amy Ibarra,amyibarra@test.com
Michael Simmons,michaelsimmons@test.com
Jonathan Jackson,jonathanjackson@test.com
Ashley Lee,ashleylee@test.com
Amanda Cruz,amandacruz@test.com
Lindsey Hall,lindseyhall@test.com
Alexander Ayala,alexanderayala@test.com
Megan Brown,meganbrown@test.com
Karen Hall,karenhall@test.com
Alexander Hanson,alexanderhanson@test.com
Brandy Stein,brandystein@test.com
Lisa Miller,lisamiller@test.com
Brian Sharp,briansharp@test.com
Reginald Mcmahon,reginaldmcmahon@test.com
Jason Hill,jasonhill@test.com
Jacob Mckinney,jacobmckinney@test.com
Ronald Taylor,ronaldtaylor@test.com
Charles Stark,charlesstark@test.com
Danielle Butler,daniellebutler@test.com
Mary Douglas,marydouglas@test.com
Jacob Miller,jacobmiller@test.com
Victor Jackson,victorjackson@test.com
James Wright,jameswright@test.com
Nicholas Blankenship,nicholasblankenship@test.com
Laura Campbell,lauracampbell@test.com
Zachary Hanson,zacharyhanson@test.com
Lisa Garcia,lisagarcia@test.com
Samantha Stewart,samanthastewart@test.com
Chelsea Stafford,chelseastafford@test.com
Katie Swanson,katieswanson@test.com
Olivia King,oliviaking@test.com
Justin Miles,justinmiles@test.com
Katherine Williams,katherinewilliams@test.com
Caleb Reyes,calebreyes@test.com
Adam Spence,adamspence@test.com
Michael Griffith,michaelgriffith@test.com
Samuel Dorsey,samueldorsey@test.com
Shelby Johnson,shelbyjohnson@test.com
Crystal Ramirez,crystalramirez@test.com
Debbie Obrien,debbieobrien@test.com
Melanie Hudson,melaniehudson@test.com
Gail Huffman,gailhuffman@test.com
Carlos Weber,carlosweber@test.com
Christopher Bridges,christopherbridges@test.com
Michael Medina,michaelmedina@test.com
Julia Horton,juliahorton@test.com
Taylor Carter,taylorcarter@test.com
Michelle Carter,michellecarter@test.com
Lauren Dominguez,laurendominguez@test.com
Erin Tucker,erintucker@test.com
Kristopher Jones,kristopherjones@test.com
Kyle Khan,kylekhan@test.com
Lindsey Guerra DDS,lindseyguerradds@test.com
Crystal Patterson,crystalpatterson@test.com
Christina Fisher,christinafisher@test.com
Elizabeth Martinez,elizabethmartinez@test.com
Tracy Blackwell,tracyblackwell@test.com
Anna Lee,annalee@test.com
Teresa Austin,teresaaustin@test.com
Katie Prince,katieprince@test.com
Anthony Miller,anthonymiller@test.com
Linda Fox,lindafox@test.com
Michael Choi,michaelchoi@test.com
Sheila Rogers,sheilarogers@test.com
Denise Gomez,denisegomez@test.com
Heather Olsen,heatherolsen@test.com
Stuart Clark,stuartclark@test.com
Kristina Mendoza,kristinamendoza@test.com
Jill Hughes,jillhughes@test.com
Michael Gray,michaelgray@test.com
Jessica Patterson,jessicapatterson@test.com
Matthew Reed MD,matthewreedmd@test.com
Amber Stephens,amberstephens@test.com
Jeremy Mclean,jeremymclean@test.com
Elaine Brown,elainebrown@test.com
Deborah Taylor,deborahtaylor@test.com
Trevor Wu,trevorwu@test.com
Mark Joyce,markjoyce@test.com
Sarah Villarreal,sarahvillarreal@test.com
Elizabeth Roberts,elizabethroberts@test.com
Thomas Wolfe,thomaswolfe@test.com
Scott Fowler,scottfowler@test.com
William Harris,williamharris@test.com
James Patrick,jamespatrick@test.com
Robert Torres,roberttorres@test.com
Timothy Kramer,timothykramer@test.com
Christina Miller,christinamiller@test.com
Melissa Young,melissayoung@test.com
Claire Tucker,clairetucker@test.com
Mrs. Pamela Ramsey,mrs.pamelaramsey@test.com
Gina Foster,ginafoster@test.com
Brandi Hudson,brandihudson@test.com
Christopher Anderson,christopheranderson@test.com
Tina Huber,tinahuber@test.com
Devin Caldwell,devincaldwell@test.com
Nicole Hawkins,nicolehawkins@test.com
Marcus Smith,marcussmith@test.com
Daniel Scott,danielscott@test.com
Ronnie Reed,ronniereed@test.com
Matthew Clay,matthewclay@test.com
Brian Chambers,brianchambers@test.com
Jessica Vincent,jessicavincent@test.com
Jerry Gregory,jerrygregory@test.com
Daniel Mendez,danielmendez@test.com
Gregory Price,gregoryprice@test.com
Rebecca Johnson,rebeccajohnson@test.com
Emily Harris,emilyharris@test.com
Aimee Frye,aimeefrye@test.com
John Baldwin,johnbaldwin@test.com
Sherry Shah,sherryshah@test.com
Monica Davis,monicadavis@test.com
Peggy Thomas,peggythomas@test.com
Lori Austin,loriaustin@test.com
Troy Christian,troychristian@test.com
Sarah Carpenter,sarahcarpenter@test.com
Theresa Sharp,theresasharp@test.com
Heather Lewis,heatherlewis@test.com
Emily Sweeney,emilysweeney@test.com
Daniel Robinson,danielrobinson@test.com
Michael Green,michaelgreen@test.com
Sarah Ramos,sarahramos@test.com
Julie Smith,juliesmith@test.com
Christopher Wilkins,christopherwilkins@test.com
Laura Thompson,laurathompson@test.com
Michael Fleming,michaelfleming@test.com
Timothy Norris,timothynorris@test.com
Ryan Powell,ryanpowell@test.com
Sarah Ramirez,sarahramirez@test.com
Kristi Valenzuela,kristivalenzuela@test.com
Vicki Kidd,vickikidd@test.com
Jessica Rodriguez,jessicarodriguez@test.com
Kelly Erickson,kellyerickson@test.com
Jeffrey King,jeffreyking@test.com
Crystal Campbell,crystalcampbell@test.com
Susan Brooks,susanbrooks@test.com
Randy Gilmore,randygilmore@test.com
Mr. Daniel Stevenson Jr.,mr.danielstevensonjr.@test.com
Paul Bond,paulbond@test.com
Jasmine Davidson,jasminedavidson@test.com
Mark Short DDS,markshortdds@test.com
Ashley Hamilton,ashleyhamilton@test.com
Shane Murphy,shanemurphy@test.com
Kevin Daniel,kevindaniel@test.com
Krista Ramirez,kristaramirez@test.com
Keith Owen,keithowen@test.com
Tina Lewis,tinalewis@test.com
Adam Baker,adambaker@test.com
Jeffrey Wheeler,jeffreywheeler@test.com
Stephen Delgado,stephendelgado@test.com
Mrs. Michelle Taylor,mrs.michelletaylor@test.com
Brian Barr,brianbarr@test.com
Melanie Clark,melanieclark@test.com
Valerie Blanchard,valerieblanchard@test.com
Deborah Vaughn,deborahvaughn@test.com
Brandon Evans,brandonevans@test.com
Virginia Parker,virginiaparker@test.com
Matthew Brown,matthewbrown@test.com
Bryan Moore,bryanmoore@test.com
Luis Carpenter,luiscarpenter@test.com
Ryan Sanchez,ryansanchez@test.com
Sergio Black,sergioblack@test.com
Angel Reeves,angelreeves@test.com
Jessica Diaz,jessicadiaz@test.com
Sean Brooks,seanbrooks@test.com
Christopher Lopez,christopherlopez@test.com
Chris Benton,chrisbenton@test.com
Heather Schaefer,heatherschaefer@test.com
Beth Long,bethlong@test.com
Brian Lopez,brianlopez@test.com
Destiny Watson,destinywatson@test.com
Jerry Morris,jerrymorris@test.com
Barbara Phillips,barbaraphillips@test.com
Margaret Pollard,margaretpollard@test.com
Caroline Bell,carolinebell@test.com
Bobby Martin,bobbymartin@test.com
Kimberly Avila,kimberlyavila@test.com
Todd White,toddwhite@test.com
William Ross,williamross@test.com
Charles Rosales,charlesrosales@test.com
Scott Stone,scottstone@test.com
Kenneth Morris,kennethmorris@test.com
Anthony Flores,anthonyflores@test.com
Marissa Howard,marissahoward@test.com
Brandon Bishop,brandonbishop@test.com
Chloe Mendoza,chloemendoza@test.com
Melissa Johnson,melissajohnson@test.com
Mary Nelson,marynelson@test.com
Melissa Bush,melissabush@test.com
Elizabeth Simpson,elizabethsimpson@test.com
Steven Parker,stevenparker@test.com
Michele Hopkins,michelehopkins@test.com
Brian Becker,brianbecker@test.com
Mikayla Alvarez,mikaylaalvarez@test.com
Alexandria Reilly,alexandriareilly@test.com
Cindy Wall,cindywall@test.com
Anthony Rios,anthonyrios@test.com
Thomas Banks,thomasbanks@test.com
Sonya Miller,sonyamiller@test.com
Rachel Gardner,rachelgardner@test.com
Kevin Gutierrez,kevingutierrez@test.com
James Berry,jamesberry@test.com
Mark Chan,markchan@test.com
Jason Martinez,jasonmartinez@test.com
Christina Evans,christinaevans@test.com
Erika Kelly,erikakelly@test.com
Penny Woodard,pennywoodard@test.com
Laura Jacobs,laurajacobs@test.com
Sara Clark,saraclark@test.com
Amanda Murray,amandamurray@test.com
Donna Hughes,donnahughes@test.com
Matthew Decker,matthewdecker@test.com
Cody Salinas,codysalinas@test.com
Matthew Hinton,matthewhinton@test.com
Sean Sims Jr.,seansimsjr.@test.com
Crystal Robinson,crystalrobinson@test.com
Jesus Kelly III,jesuskellyiii@test.com
Robin Bolton,robinbolton@test.com
Natasha Cooke,natashacooke@test.com
Shelly Martinez,shellymartinez@test.com
Jason Reyes,jasonreyes@test.com
Claudia Shaffer,claudiashaffer@test.com
Calvin Gentry,calvingentry@test.com
Mary Price,maryprice@test.com
William Miles,williammiles@test.com
Jack West,jackwest@test.com
Jonathan Smith,jonathansmith@test.com
Steven Fletcher Jr.,stevenfletcherjr.@test.com
Donna Gonzalez,donnagonzalez@test.com
Gary Gutierrez,garygutierrez@test.com
Sydney Foster,sydneyfoster@test.com
Lynn Shah,lynnshah@test.com
James Cohen,jamescohen@test.com
Anthony Lambert,anthonylambert@test.com
Michael Leon,michaelleon@test.com
Jonathon Rubio,jonathonrubio@test.com
Jose Montoya,josemontoya@test.com
Caleb Davis,calebdavis@test.com
Michael Williams,michaelwilliams@test.com
Chris Ellison,chrisellison@test.com
Kristine Norris,kristinenorris@test.com
Christopher Webb,christopherwebb@test.com
Dana Cantu,danacantu@test.com
Andrea Arnold,andreaarnold@test.com
Jonathan Wiley,jonathanwiley@test.com
Jennifer Estrada,jenniferestrada@test.com
Joseph Walton,josephwalton@test.com
Carol Zimmerman,carolzimmerman@test.com
Scott Walsh,scottwalsh@test.com
Shane Castaneda,shanecastaneda@test.com
Kathleen Ortiz,kathleenortiz@test.com
Jared Mcdonald,jaredmcdonald@test.com
Victor Leonard,victorleonard@test.com
Linda Garcia,lindagarcia@test.com
Marc Mendez,marcmendez@test.com
Jennifer Lucero,jenniferlucero@test.com
Gregory Black,gregoryblack@test.com
Christina Barnett,christinabarnett@test.com
Anne Johnson,annejohnson@test.com
Christopher Taylor,christophertaylor@test.com
Jenna Lawson,jennalawson@test.com
Carl Williams,carlwilliams@test.com
Jennifer Bradshaw,jenniferbradshaw@test.com
Michael Holmes,michaelholmes@test.com
Sydney Richards,sydneyrichards@test.com
Laura Miller,lauramiller@test.com
Jocelyn Scott,jocelynscott@test.com
Nicolas Brooks,nicolasbrooks@test.com
Gary Thompson,garythompson@test.com
Brandon Washington,brandonwashington@test.com
Samantha Smith,samanthasmith@test.com
Kimberly Thompson,kimberlythompson@test.com
Caroline Bradley,carolinebradley@test.com
Tara Smith,tarasmith@test.com
Shaun Smith,shaunsmith@test.com
Daniel Bryant,danielbryant@test.com
Ashley Wilson,ashleywilson@test.com
Christopher White,christopherwhite@test.com
Jasmine Black,jasmineblack@test.com
Suzanne Campbell,suzannecampbell@test.com
Emily Lam,emilylam@test.com
Katherine Elliott,katherineelliott@test.com
Gabriel Aguilar,gabrielaguilar@test.com
Megan Lindsey,meganlindsey@test.com
Courtney Little,courtneylittle@test.com
Joe Rodriguez,joerodriguez@test.com
Nicholas Young,nicholasyoung@test.com
Randy Wu,randywu@test.com
Daniel Day,danielday@test.com
Daniel Diaz,danieldiaz@test.com
Mary Jones,maryjones@test.com
Sharon Johnson,sharonjohnson@test.com
Kevin Deleon,kevindeleon@test.com
Nicole Sherman,nicolesherman@test.com
Rodney Williams,rodneywilliams@test.com
Dakota Orozco,dakotaorozco@test.com
Ricardo Harris,ricardoharris@test.com
Caitlin Smith,caitlinsmith@test.com
Marissa Andersen,marissaandersen@test.com
Alyssa Keller,alyssakeller@test.com
Kimberly Potter,kimberlypotter@test.com
Sarah Mccarthy,sarahmccarthy@test.com
Jacob Jones,jacobjones@test.com
Sarah Thompson,sarahthompson@test.com
Lori Cooper,loricooper@test.com
Elizabeth Stevens,elizabethstevens@test.com
Brianna James,briannajames@test.com
Sheena White,sheenawhite@test.com
Samantha Yu DDS,samanthayudds@test.com
Karen Robinson,karenrobinson@test.com
Dennis Sanchez,dennissanchez@test.com
Carolyn Stewart,carolynstewart@test.com
Richard Diaz,richarddiaz@test.com
Crystal Morris,crystalmorris@test.com
Christina Miranda,christinamiranda@test.com
Thomas Jones,thomasjones@test.com
Aaron Morgan,aaronmorgan@test.com
Heather Martinez,heathermartinez@test.com
Erik Myers,erikmyers@test.com
Tracy Lloyd,tracylloyd@test.com
Robert Mercado,robertmercado@test.com
Jessica Daniel,jessicadaniel@test.com
Shelly Page,shellypage@test.com
Amanda Collins,amandacollins@test.com
David Rose,davidrose@test.com
Elizabeth Stephens,elizabethstephens@test.com
Kaitlyn Mcmillan,kaitlynmcmillan@test.com
Amanda Gordon,amandagordon@test.com
Alexander Anderson,alexanderanderson@test.com
April Booth,aprilbooth@test.com
Rodney Brown,rodneybrown@test.com
Anthony Harper,anthonyharper@test.com
Bradley Martinez,bradleymartinez@test.com
Hannah Nelson,hannahnelson@test.com
Lawrence Barrett,lawrencebarrett@test.com
Richard Rodriguez,richardrodriguez@test.com
Christopher Gamble,christophergamble@test.com
Stephanie Wilson,stephaniewilson@test.com
Cindy Livingston DVM,cindylivingstondvm@test.com
Linda Strong PhD,lindastrongphd@test.com
Ann Ruiz DVM,annruizdvm@test.com
Frank Thomas,frankthomas@test.com
Tammy Santiago,tammysantiago@test.com
Marco Meyer,marcomeyer@test.com
Jonathan Martinez MD,jonathanmartinezmd@test.com
James Chandler,jameschandler@test.com
Annette Jones,annettejones@test.com
Kristin Bender,kristinbender@test.com
Gary Cook,garycook@test.com
Daniel Osborne,danielosborne@test.com
Curtis Bell,curtisbell@test.com
Maria Marquez,mariamarquez@test.com
Kevin Alexander,kevinalexander@test.com
Robert Miller,robertmiller@test.com
John Thomas,johnthomas@test.com
David Powell,davidpowell@test.com
Gerald Kennedy,geraldkennedy@test.com
Leah Patrick,leahpatrick@test.com
Sally Nguyen,sallynguyen@test.com
Brian Smith,briansmith@test.com
Andrew Figueroa,andrewfigueroa@test.com
Erin Hicks,erinhicks@test.com
Bryan Garcia,bryangarcia@test.com
Jacob Clay,jacobclay@test.com
John Beck,johnbeck@test.com
Jeremy Martin,jeremymartin@test.com
Gregory Nunez,gregorynunez@test.com
Jill Gonzalez,jillgonzalez@test.com
Julie Nichols,julienichols@test.com
Amy Bailey,amybailey@test.com
Lisa Pope,lisapope@test.com
Nathaniel Allison,nathanielallison@test.com
Matthew Ross,matthewross@test.com
Beth Jennings,bethjennings@test.com
Robert Patterson,robertpatterson@test.com
Ashley Frye,ashleyfrye@test.com
Michael Parsons,michaelparsons@test.com
David Wilson,davidwilson@test.com
Patricia Gray,patriciagray@test.com
Ian Sandoval,iansandoval@test.com
Bonnie Armstrong,bonniearmstrong@test.com
Andrea Greene,andreagreene@test.com
Holly Wright,hollywright@test.com
Lucas Anderson,lucasanderson@test.com
Michael Vance,michaelvance@test.com
Troy Gonzales,troygonzales@test.com
Matthew Caldwell,matthewcaldwell@test.com
Elizabeth Thornton,elizabeththornton@test.com
Melissa Taylor,melissataylor@test.com
Sergio West,sergiowest@test.com
Victoria Garcia,victoriagarcia@test.com
Nicole Conley,nicoleconley@test.com
Sean Roberts,seanroberts@test.com
Mary Foley,maryfoley@test.com
Carol Wilson,carolwilson@test.com
Benjamin Skinner,benjaminskinner@test.com
Megan Smith,megansmith@test.com
Johnny Camacho,johnnycamacho@test.com
Anthony Garcia,anthonygarcia@test.com
Diane Morales,dianemorales@test.com
Christian Diaz,christiandiaz@test.com
Marc Salazar,marcsalazar@test.com
Sarah Burns,sarahburns@test.com
Jaime Ortiz,jaimeortiz@test.com
Craig Whitney,craigwhitney@test.com
Jesse Brown,jessebrown@test.com
Cody Steele,codysteele@test.com
Alicia Drake,aliciadrake@test.com
Rachel Hall,rachelhall@test.com
Katelyn Sullivan,katelynsullivan@test.com
Dakota Walsh,dakotawalsh@test.com
Melissa Williams,melissawilliams@test.com
Brady Valdez,bradyvaldez@test.com
Charles Wright,charleswright@test.com
Heather Schultz,heatherschultz@test.com
Louis Johnson,louisjohnson@test.com
Raymond Acosta,raymondacosta@test.com
Michael Brown,michaelbrown@test.com
Glenn Jones,glennjones@test.com
Travis Travis,travistravis@test.com
Michelle Hernandez,michellehernandez@test.com
Brian Barnes,brianbarnes@test.com
Christopher Salinas,christophersalinas@test.com
Derrick Woodward,derrickwoodward@test.com
Anthony Suarez,anthonysuarez@test.com
Amanda White,amandawhite@test.com
Tammy Wilson,tammywilson@test.com
Donna Williams,donnawilliams@test.com
Bonnie Hull,bonniehull@test.com
Henry Mendoza,henrymendoza@test.com
Karen Hart,karenhart@test.com
Joshua Hammond,joshuahammond@test.com
Abigail Moore,abigailmoore@test.com
Gloria Valencia,gloriavalencia@test.com
Natalie Gonzales MD,nataliegonzalesmd@test.com
Larry Black,larryblack@test.com
Shannon Booth,shannonbooth@test.com
Ashley Price,ashleyprice@test.com
Angelica Higgins,angelicahiggins@test.com
Timothy Walker,timothywalker@test.com
Tracy Howard,tracyhoward@test.com
Chelsea Garcia,chelseagarcia@test.com
Christopher Rosales,christopherrosales@test.com
Lisa Landry,lisalandry@test.com
Jackie Montoya,jackiemontoya@test.com
Patrick Campbell,patrickcampbell@test.com
Emily Lee,emilylee@test.com
Brittany Sampson,brittanysampson@test.com
Linda Morales,lindamorales@test.com
Laura Cooper DVM,lauracooperdvm@test.com
James Francis,jamesfrancis@test.com
Robert Brown III,robertbrowniii@test.com
Adam Stuart,adamstuart@test.com
Andrew Castaneda,andrewcastaneda@test.com
William Walker,williamwalker@test.com
Carolyn Fox,carolynfox@test.com
Daniel Kerr,danielkerr@test.com
Anna Schultz,annaschultz@test.com
Mallory Powell,mallorypowell@test.com
Jose Young,joseyoung@test.com
Steven Humphrey,stevenhumphrey@test.com
Erika Hodge,erikahodge@test.com
Benjamin Petty,benjaminpetty@test.com
Richard Garcia,richardgarcia@test.com
Jeffrey Petersen,jeffreypetersen@test.com
Mitchell Mitchell,mitchellmitchell@test.com
Gina Carlson,ginacarlson@test.com
Holly Jones,hollyjones@test.com
Robert Arnold,robertarnold@test.com
Dr. Andrew Gonzalez,dr.andrewgonzalez@test.com
Douglas Cruz,douglascruz@test.com
Theresa Ramirez,theresaramirez@test.com
Amy Rogers,amyrogers@test.com
Kimberly Garner,kimberlygarner@test.com
Linda Montoya,lindamontoya@test.com
Bonnie Brady,bonniebrady@test.com
Heather Proctor,heatherproctor@test.com
Penny Green,pennygreen@test.com
Hannah Mccarthy,hannahmccarthy@test.com
Rachel Hall,rachelhall@test.com
Alicia Branch,aliciabranch@test.com
Jason Taylor,jasontaylor@test.com
Brittney Mathews,brittneymathews@test.com
Mrs. Catherine Weaver,mrs.catherineweaver@test.com
Lindsey Cox,lindseycox@test.com
Charles Benitez,charlesbenitez@test.com
Angie Sanchez,angiesanchez@test.com
James Lyons,jameslyons@test.com
Lisa Jones,lisajones@test.com
Elizabeth Morales,elizabethmorales@test.com
Tammy Arias,tammyarias@test.com
Melissa David,melissadavid@test.com
John Long,johnlong@test.com
Joseph Hill,josephhill@test.com
James Lynch,jameslynch@test.com
Christopher Wright,christopherwright@test.com
David Lyons,davidlyons@test.com
Stanley Torres,stanleytorres@test.com
James Brown MD,jamesbrownmd@test.com
Jared Johnson,jaredjohnson@test.com
Misty Nelson,mistynelson@test.com
Ivan Ford,ivanford@test.com
Victor Mitchell,victormitchell@test.com
Brett Turner,brettturner@test.com
Stephanie Graham,stephaniegraham@test.com
Heather Wright,heatherwright@test.com
Troy Haynes,troyhaynes@test.com
Edward Powell,edwardpowell@test.com
Thomas Escobar,thomasescobar@test.com
Jennifer Smith,jennifersmith@test.com
Michael Howard,michaelhoward@test.com
Alexandria Fuentes,alexandriafuentes@test.com
Roy Howard,royhoward@test.com
Jacqueline Clements,jacquelineclements@test.com
Noah Castillo,noahcastillo@test.com
Andrew Schmidt,andrewschmidt@test.com
Erica Ramos,ericaramos@test.com
Rebecca Washington,rebeccawashington@test.com
Julia Harmon,juliaharmon@test.com
Dr. Sergio Smith,dr.sergiosmith@test.com
Michael Davis,michaeldavis@test.com
Nancy Howell,nancyhowell@test.com
Evan Delacruz,evandelacruz@test.com
Lawrence Beck,lawrencebeck@test.com
Eric Cisneros,ericcisneros@test.com
Alyssa Sanders,alyssasanders@test.com
Kim Oneill,kimoneill@test.com
Rebecca Brown,rebeccabrown@test.com
Billy Hoover,billyhoover@test.com
Adrian Smith DDS,adriansmithdds@test.com
Jonathan Cruz,jonathancruz@test.com
Donna Andrade,donnaandrade@test.com
Tristan Brown,tristanbrown@test.com
Michael Hall,michaelhall@test.com
Rachel Young,rachelyoung@test.com
Bradley Morris,bradleymorris@test.com
Christopher Decker,christopherdecker@test.com
Maurice Brown,mauricebrown@test.com
Catherine Wilson,catherinewilson@test.com
Brandi Davis,brandidavis@test.com
Wendy Horton,wendyhorton@test.com
Paul Hall PhD,paulhallphd@test.com
Ryan Smith,ryansmith@test.com
Robert Johnson,robertjohnson@test.com
Kenneth Cain,kennethcain@test.com
Clarence Hull,clarencehull@test.com
Crystal Hoffman,crystalhoffman@test.com
April Parker,aprilparker@test.com
Shelby Doyle,shelbydoyle@test.com
Stephen Love,stephenlove@test.com
Melissa Green,melissagreen@test.com
Emily Ochoa,emilyochoa@test.com
Lindsey Butler,lindseybutler@test.com
David Donaldson,daviddonaldson@test.com
Jeremy Chandler,jeremychandler@test.com
Thomas Bennett,thomasbennett@test.com
Parker Allen,parkerallen@test.com
Mark Pace,markpace@test.com
Brett Vargas,brettvargas@test.com
Jason Rhodes,jasonrhodes@test.com
Nathaniel Hunt,nathanielhunt@test.com
Edward Thompson,edwardthompson@test.com
Tiffany Perry,tiffanyperry@test.com
Scott Goodwin,scottgoodwin@test.com
Amy Castro,amycastro@test.com
Michelle Carroll,michellecarroll@test.com
Michael Ruiz,michaelruiz@test.com
Christopher Delgado,christopherdelgado@test.com
Victor Gilmore,victorgilmore@test.com
Samuel Barron,samuelbarron@test.com
Diana Johnson MD,dianajohnsonmd@test.com
Stephanie Collins,stephaniecollins@test.com
Stephanie Riley,stephanieriley@test.com
Robert Williams,robertwilliams@test.com
Marcus Johnson,marcusjohnson@test.com
Tracy Nunez,tracynunez@test.com
Jimmy Brown,jimmybrown@test.com
Christopher Gardner,christophergardner@test.com
Jordan Garrison,jordangarrison@test.com
Joe Williamson,joewilliamson@test.com
Zachary Ruiz,zacharyruiz@test.com
Raymond Perez,raymondperez@test.com
Brendan Wright,brendanwright@test.com
Carolyn Perez,carolynperez@test.com
Kimberly Huber,kimberlyhuber@test.com
Jacqueline Hester,jacquelinehester@test.com
April James,apriljames@test.com
Melissa Hunter,melissahunter@test.com
Jessica Schneider,jessicaschneider@test.com
Amber Howard,amberhoward@test.com
Tracy Neal,tracyneal@test.com
Michael Ross,michaelross@test.com
Charles Jones,charlesjones@test.com
Jennifer Davis,jenniferdavis@test.com
Christine Alvarez,christinealvarez@test.com
Olivia Parsons,oliviaparsons@test.com
Mary Lopez,marylopez@test.com
Blake Baldwin,blakebaldwin@test.com
Victoria Benitez,victoriabenitez@test.com
Donna Boyd,donnaboyd@test.com
Jose Copeland,josecopeland@test.com
Teresa Scott,teresascott@test.com
Olivia Quinn,oliviaquinn@test.com
Susan Johnston,susanjohnston@test.com
Daniel Castro,danielcastro@test.com
Melissa Lopez,melissalopez@test.com
Barbara Kelley,barbarakelley@test.com
Victoria Wade,victoriawade@test.com
Christopher Dunn,christopherdunn@test.com
Jeffrey Marquez,jeffreymarquez@test.com
Ricky Spencer,rickyspencer@test.com
Dana Cox,danacox@test.com
Joseph Hale,josephhale@test.com
Donna Herrera,donnaherrera@test.com
Daniel Marks,danielmarks@test.com
Jessica Wagner,jessicawagner@test.com
Chelsea Blankenship,chelseablankenship@test.com
Kristin Salinas,kristinsalinas@test.com
Harry Blankenship,harryblankenship@test.com
Catherine Johnson,catherinejohnson@test.com
Mark Sanchez,marksanchez@test.com
Megan Reed,meganreed@test.com
Mark Vasquez,markvasquez@test.com
Sarah Moody,sarahmoody@test.com
Alexander Kerr,alexanderkerr@test.com
Melanie Wolfe,melaniewolfe@test.com
Nicholas Woodward,nicholaswoodward@test.com
Stephen Kennedy,stephenkennedy@test.com
Andrew Powers,andrewpowers@test.com
Kimberly Coffey,kimberlycoffey@test.com
Steve Mccoy,stevemccoy@test.com
Joel Sloan,joelsloan@test.com
Michael Goodwin,michaelgoodwin@test.com
Alicia Lewis,alicialewis@test.com
Justin Campbell,justincampbell@test.com
Leslie Hunter,lesliehunter@test.com
Sarah Smith DDS,sarahsmithdds@test.com
Virginia Adams,virginiaadams@test.com
John Ellis,johnellis@test.com
Steven Berger,stevenberger@test.com
Scott Evans,scottevans@test.com
Shane Wilson,shanewilson@test.com
Andrea Campbell,andreacampbell@test.com
Adam Roberts,adamroberts@test.com
Veronica Chavez,veronicachavez@test.com
Lori Campbell,loricampbell@test.com
Steven Alvarez,stevenalvarez@test.com
Jessica Buchanan,jessicabuchanan@test.com
Daniel Callahan,danielcallahan@test.com
Francisco Carpenter,franciscocarpenter@test.com
Jennifer Anderson,jenniferanderson@test.com
Scott Simmons,scottsimmons@test.com
Janice Green,janicegreen@test.com
Chloe Valenzuela,chloevalenzuela@test.com
Brian Sanchez,briansanchez@test.com
Todd Griffin,toddgriffin@test.com
Samantha Hernandez,samanthahernandez@test.com
Teresa Gould,teresagould@test.com
Todd Spears,toddspears@test.com
Luke Weber,lukeweber@test.com
Christopher Monroe,christophermonroe@test.com
Mrs. Kathleen Reed DDS,mrs.kathleenreeddds@test.com
Paul Becker,paulbecker@test.com
Joseph Butler,josephbutler@test.com
Jessica Vasquez,jessicavasquez@test.com
Terri Pruitt,terripruitt@test.com
Todd Evans,toddevans@test.com
Cristian Scott,cristianscott@test.com
Samantha Banks,samanthabanks@test.com
Monica Hahn,monicahahn@test.com
Jacob Roach,jacobroach@test.com
Crystal Thornton,crystalthornton@test.com
Bianca Hanson,biancahanson@test.com
Ryan Delgado,ryandelgado@test.com
Cynthia Wright,cynthiawright@test.com
Jessica Carr,jessicacarr@test.com
Jeffrey Castillo,jeffreycastillo@test.com
Andrea Rivas,andrearivas@test.com
Jeffery Ramirez,jefferyramirez@test.com
Bryan Henderson,bryanhenderson@test.com
James Weaver,jamesweaver@test.com
Ms. Christina Galvan,ms.christinagalvan@test.com
Olivia Williams,oliviawilliams@test.com
Donald Vargas,donaldvargas@test.com
Christopher Tyler Jr.,christophertylerjr.@test.com
Christopher Coleman,christophercoleman@test.com
James Griffin,jamesgriffin@test.com
Sheila Mann,sheilamann@test.com
William Hansen,williamhansen@test.com
Mrs. Lisa Griffin,mrs.lisagriffin@test.com
William Walker,williamwalker@test.com
Thomas Graham,thomasgraham@test.com
William Martinez,williammartinez@test.com
Brooke Roth,brookeroth@test.com
Brittany Johnston,brittanyjohnston@test.com
Daniel Walker,danielwalker@test.com
Natalie Bishop,nataliebishop@test.com
Vernon Hartman,vernonhartman@test.com
Bryce Brown,brycebrown@test.com
Evelyn Murray,evelynmurray@test.com
Allison Mills,allisonmills@test.com
Jordan Hudson,jordanhudson@test.com
Jennifer Cabrera,jennifercabrera@test.com
Jose Gamble,josegamble@test.com
Ronald Johnson,ronaldjohnson@test.com
Aaron Sherman,aaronsherman@test.com
Christy Blackburn,christyblackburn@test.com
Courtney Cooper,courtneycooper@test.com
Michelle Walsh,michellewalsh@test.com
Rose Brown,rosebrown@test.com
James Hoffman,jameshoffman@test.com
Joan Roach,joanroach@test.com
Vincent Kennedy,vincentkennedy@test.com
Terry Underwood,terryunderwood@test.com
Christopher Stephens,christopherstephens@test.com
Natasha Wilson,natashawilson@test.com
Lisa Murphy,lisamurphy@test.com
Edwin Hughes,edwinhughes@test.com
Cindy Nixon DDS,cindynixondds@test.com
Tiffany Turner DVM,tiffanyturnerdvm@test.com
Robin Wise,robinwise@test.com
Jose Webb,josewebb@test.com
Theresa Edwards,theresaedwards@test.com
Susan Garcia,susangarcia@test.com
Felicia Lane,felicialane@test.com
Kimberly Castaneda,kimberlycastaneda@test.com
Jordan Dalton,jordandalton@test.com
John Mercado,johnmercado@test.com
Andrea Odonnell,andreaodonnell@test.com
Robin Marshall,robinmarshall@test.com
Andrea Marshall,andreamarshall@test.com
Hayley Cooke,hayleycooke@test.com
Victoria Mendez,victoriamendez@test.com
Allen Johnson,allenjohnson@test.com
Mark Jacobs,markjacobs@test.com
Brian Mitchell,brianmitchell@test.com
Jacob Bell,jacobbell@test.com
Joshua Chapman,joshuachapman@test.com
Kelly Parrish,kellyparrish@test.com
Stacy Mueller,stacymueller@test.com
Sean Boyd,seanboyd@test.com
Roger Castro,rogercastro@test.com
John Ibarra,johnibarra@test.com
Amy Cox,amycox@test.com
Theresa Wilson,theresawilson@test.com
Alexander Phillips,alexanderphillips@test.com
Daniel Koch,danielkoch@test.com
Christy Richardson,christyrichardson@test.com
Jamie Strong,jamiestrong@test.com
Thomas Cole,thomascole@test.com
Jamie Hudson,jamiehudson@test.com
Maria Ward,mariaward@test.com
David Gonzalez,davidgonzalez@test.com
Adam Phelps,adamphelps@test.com
Robin Harris MD,robinharrismd@test.com
Melissa Bailey,melissabailey@test.com
Christopher Garcia,christophergarcia@test.com
David Compton,davidcompton@test.com
Jennifer Aguilar PhD,jenniferaguilarphd@test.com
Teresa Morales,teresamorales@test.com
Cheryl Harvey,cherylharvey@test.com
Michael Willis,michaelwillis@test.com
Miguel Ramirez,miguelramirez@test.com
Michael Baker,michaelbaker@test.com
Courtney Brown,courtneybrown@test.com
Courtney Hogan,courtneyhogan@test.com
Erin Thompson,erinthompson@test.com
Charles Meza,charlesmeza@test.com
Anna Burke,annaburke@test.com
Shane Lloyd,shanelloyd@test.com
Alexander Hart,alexanderhart@test.com
Meagan Miles,meaganmiles@test.com
Julia Lewis,julialewis@test.com
Joseph Meyer,josephmeyer@test.com
Dana Lopez,danalopez@test.com
Nathaniel Brown,nathanielbrown@test.com
Justin Wallace,justinwallace@test.com
Candace Garza,candacegarza@test.com
Nicholas Perry PhD,nicholasperryphd@test.com
Andrew Holland,andrewholland@test.com
Ronald Cain,ronaldcain@test.com
Diane Stone,dianestone@test.com
Sandra Brown,sandrabrown@test.com
Edward Vincent,edwardvincent@test.com
Alexandra Martinez,alexandramartinez@test.com
Melissa Williams,melissawilliams@test.com
Travis York,travisyork@test.com
David Chavez,davidchavez@test.com
Patrick Gordon,patrickgordon@test.com
Autumn Myers,autumnmyers@test.com
Jason Mayo,jasonmayo@test.com
Whitney Smith,whitneysmith@test.com
Mrs. Melissa Rios DVM,mrs.melissariosdvm@test.com
Lisa Burton,lisaburton@test.com
Cheyenne Price,cheyenneprice@test.com
Brett Wilkinson,brettwilkinson@test.com
Lance Hanson,lancehanson@test.com
Kenneth James,kennethjames@test.com
Eric Henry,erichenry@test.com
Robert Lewis,robertlewis@test.com
Angela Mcdonald,angelamcdonald@test.com
Dustin Marshall,dustinmarshall@test.com
Charles Oconnell,charlesoconnell@test.com
Scott Nguyen,scottnguyen@test.com
David Lambert,davidlambert@test.com
James Herrera,jamesherrera@test.com
Ashlee Smith,ashleesmith@test.com
Jeffrey Choi,jeffreychoi@test.com
Caitlyn Winters,caitlynwinters@test.com
Lisa Sharp,lisasharp@test.com
Gabriel Schaefer,gabrielschaefer@test.com
Jeffrey Thompson MD,jeffreythompsonmd@test.com
Stanley Baker,stanleybaker@test.com
James Oneill,jamesoneill@test.com
Mackenzie Hansen,mackenziehansen@test.com
Tracy Scott,tracyscott@test.com
Paula Flores,paulaflores@test.com
Christopher Evans,christopherevans@test.com
Joseph Morales,josephmorales@test.com
Kimberly Soto,kimberlysoto@test.com
Sara Alexander,saraalexander@test.com
Benjamin Hernandez,benjaminhernandez@test.com
Margaret Chandler,margaretchandler@test.com
Alexandria Aguirre,alexandriaaguirre@test.com
Barry Shah,barryshah@test.com
Lisa Sullivan,lisasullivan@test.com
Lynn Martinez,lynnmartinez@test.com
Philip Foster,philipfoster@test.com
Tyler Cook,tylercook@test.com
James Valdez,jamesvaldez@test.com
Dalton Best,daltonbest@test.com
Gary Guerrero,garyguerrero@test.com
Allen Pace,allenpace@test.com
Ricky Edwards,rickyedwards@test.com
Frank Leach,frankleach@test.com
Gregory Mcguire,gregorymcguire@test.com
Jasmine Case,jasminecase@test.com
Jodi Johnson,jodijohnson@test.com
Brian Estes,brianestes@test.com
Samantha Koch,samanthakoch@test.com
Rebecca Davenport,rebeccadavenport@test.com
Randall Miller,randallmiller@test.com
Kathleen Hall,kathleenhall@test.com
Vincent Garcia,vincentgarcia@test.com
Laura Carlson,lauracarlson@test.com
Denise Meyer,denisemeyer@test.com
Christian Walker,christianwalker@test.com
Victor Evans,victorevans@test.com
Jacob Sullivan,jacobsullivan@test.com
Victoria Wilson,victoriawilson@test.com
George Burch,georgeburch@test.com
Troy Morris,troymorris@test.com
Christina Griffith,christinagriffith@test.com
Rachel Hughes,rachelhughes@test.com
Rebecca Anderson,rebeccaanderson@test.com
Andrea Sanchez,andreasanchez@test.com
Paul Mcneil,paulmcneil@test.com
Makayla Grant,makaylagrant@test.com
Denise Hull,denisehull@test.com
Robert Garcia,robertgarcia@test.com
James Rogers,jamesrogers@test.com
Elizabeth Romero,elizabethromero@test.com
Benjamin Lee,benjaminlee@test.com
Christine Reed,christinereed@test.com
Justin Harrington,justinharrington@test.com
Adam Moreno,adammoreno@test.com
Tammy Brewer,tammybrewer@test.com
Kenneth Alvarez,kennethalvarez@test.com
Christopher Allen,christopherallen@test.com
Jennifer Baker,jenniferbaker@test.com
David Kelly MD,davidkellymd@test.com
Tina Torres,tinatorres@test.com
Thomas Bradley,thomasbradley@test.com
Andrea Clarke,andreaclarke@test.com
Carrie Johnson,carriejohnson@test.com
Larry Chen,larrychen@test.com
Cindy Clark,cindyclark@test.com
Jeffrey Hill,jeffreyhill@test.com
Curtis Little,curtislittle@test.com
Tina Alvarez,tinaalvarez@test.com
Anne Hernandez,annehernandez@test.com
Megan Barrett,meganbarrett@test.com
Jessica Patterson,jessicapatterson@test.com
Donald Bell,donaldbell@test.com
Chad Griffith,chadgriffith@test.com
Danielle Williams,daniellewilliams@test.com
Joseph Murray,josephmurray@test.com
Margaret Velasquez,margaretvelasquez@test.com
Ian Graham,iangraham@test.com
Jackie Mcdonald,jackiemcdonald@test.com
Ronnie Petty,ronniepetty@test.com
Daniel Martinez,danielmartinez@test.com
Edward Small,edwardsmall@test.com
Matthew Waters,matthewwaters@test.com
Wayne Cain,waynecain@test.com
Holly Jimenez,hollyjimenez@test.com
Lucas Morris,lucasmorris@test.com
Peter Barnes,peterbarnes@test.com
Sandra Gonzalez,sandragonzalez@test.com
Terri Parker,terriparker@test.com
Steven Martinez,stevenmartinez@test.com
Ronald Miller,ronaldmiller@test.com
Dawn Harris,dawnharris@test.com
Donald Wilson,donaldwilson@test.com
Brian Bond,brianbond@test.com
David Tucker,davidtucker@test.com
Stacey Johnson,staceyjohnson@test.com
Thomas Long,thomaslong@test.com
Hailey Rodriguez,haileyrodriguez@test.com
Kaylee Reese,kayleereese@test.com
Kerry Reynolds,kerryreynolds@test.com
Michael Hughes,michaelhughes@test.com
Rachel Daniels,racheldaniels@test.com
George Sanchez,georgesanchez@test.com
Matthew Robinson,matthewrobinson@test.com
Juan Webb,juanwebb@test.com
Rachel Jordan,racheljordan@test.com
Sarah Brown,sarahbrown@test.com
Cody Brown,codybrown@test.com
Jesus Rodriguez,jesusrodriguez@test.com
Maurice Mitchell,mauricemitchell@test.com
John Patterson,johnpatterson@test.com
Brittany Armstrong,brittanyarmstrong@test.com
Ricardo Allen,ricardoallen@test.com
Mrs. Amy Sanchez,mrs.amysanchez@test.com
Joseph Hammond,josephhammond@test.com
Julian Ramos,julianramos@test.com
Stephanie Ferguson,stephanieferguson@test.com
Melissa Grant,melissagrant@test.com
Michael Zimmerman,michaelzimmerman@test.com
Jason Alexander,jasonalexander@test.com
Margaret Rodriguez,margaretrodriguez@test.com
Matthew Brown,matthewbrown@test.com
Scott Boyer,scottboyer@test.com
Richard Watson,richardwatson@test.com
Justin Reese,justinreese@test.com
Laura Watkins,laurawatkins@test.com
Teresa Rodriguez,teresarodriguez@test.com
Cynthia Robbins,cynthiarobbins@test.com
John Smith DDS,johnsmithdds@test.com
Dr. Tina Smith,dr.tinasmith@test.com
Amber Valdez,ambervaldez@test.com
Kimberly Peters,kimberlypeters@test.com
Christopher Fox,christopherfox@test.com
Kimberly Kent,kimberlykent@test.com
David Stark,davidstark@test.com
Justin Hanna,justinhanna@test.com
Catherine Brown,catherinebrown@test.com
Sarah Foster,sarahfoster@test.com
Adam Lawson,adamlawson@test.com
Donna Stewart,donnastewart@test.com
Jeremiah Hamilton,jeremiahhamilton@test.com
Roberto Rush,robertorush@test.com
David Mcdonald,davidmcdonald@test.com
Anthony Ingram,anthonyingram@test.com
Todd Osborne,toddosborne@test.com
Jason Thompson,jasonthompson@test.com
Danielle Smith,daniellesmith@test.com
Rebecca Cruz,rebeccacruz@test.com
Logan Johnson,loganjohnson@test.com
Robert Olson,robertolson@test.com
Kenneth Johnson,kennethjohnson@test.com
Jessica Smith,jessicasmith@test.com
Belinda Figueroa,belindafigueroa@test.com
Jeffrey French,jeffreyfrench@test.com
Adam Murray,adammurray@test.com
David Koch,davidkoch@test.com
Jonathan Williams,jonathanwilliams@test.com
Victor Holmes,victorholmes@test.com
David Schroeder,davidschroeder@test.com
Billy Ware,billyware@test.com
John Good,johngood@test.com
Dominic Johnston,dominicjohnston@test.com
Christopher May,christophermay@test.com
Jessica Owen,jessicaowen@test.com
Amanda Leach,amandaleach@test.com
Thomas Hicks,thomashicks@test.com
Sharon Hoffman,sharonhoffman@test.com
Diana Mitchell,dianamitchell@test.com
